Iteration,Train reward,Eval reward,TD loss,Episode
0,nan,-324.83861054668716,nan,0
100,-116.50400231181685,-324.83861054668716,nan,4
